{"cameraMode":{"drawMode":0,"name":"Shaded","section":"Shading Mode"},"sceneLighting":false,"audioPlay":false,"sceneViewState":{"showFog":true,"showMaterialUpdate":false,"showSkybox":false,"showFlares":true,"showImageEffects":true,"showParticleSystems":true},"in2DMode":false,"pivot":{"x":-3.7200000286102297,"y":2.2300000190734865,"z":0.10000000894069672},"rotation":{"x":-0.15970297157764436,"y":-0.03734032064676285,"z":0.0060190316289663319,"w":-0.9864739775657654},"size":0.8660255670547485,"orthographic":false}