{"cameraMode":{"drawMode":0,"name":"Shaded","section":"Shading Mode"},"sceneLighting":false,"audioPlay":false,"sceneViewState":{"showFog":true,"showMaterialUpdate":false,"showSkybox":false,"showFlares":true,"showImageEffects":true,"showParticleSystems":true},"in2DMode":false,"pivot":{"x":13.788999557495118,"y":6.369999885559082,"z":15.340999603271485},"rotation":{"x":-0.008500024676322937,"y":-0.9600505232810974,"z":0.030334914103150369,"w":-0.2787516117095947},"size":1.333012580871582,"orthographic":false}