{"cameraMode":{"drawMode":0,"name":"Shaded","section":"Shading Mode"},"sceneLighting":false,"audioPlay":false,"sceneViewState":{"showFog":true,"showMaterialUpdate":false,"showSkybox":false,"showFlares":true,"showImageEffects":true,"showParticleSystems":true},"in2DMode":false,"pivot":{"x":186.8000030517578,"y":47.33000183105469,"z":249.91000366210938},"rotation":{"x":0.005358293652534485,"y":-0.9676154255867004,"z":0.2516102194786072,"w":0.02060995064675808},"size":10.0,"orthographic":false}