{"cameraMode":{"drawMode":0,"name":"Shaded","section":"Shading Mode"},"sceneLighting":false,"audioPlay":false,"sceneViewState":{"showFog":true,"showMaterialUpdate":false,"showSkybox":false,"showFlares":true,"showImageEffects":true,"showParticleSystems":true},"in2DMode":false,"pivot":{"x":76.02999877929688,"y":6.418000221252441,"z":16.345001220703126},"rotation":{"x":-0.05564523860812187,"y":0.9462060928344727,"z":-0.21160875260829926,"w":-0.23983590304851533},"size":4.801426410675049,"orthographic":false}