{"cameraMode":{"drawMode":0,"name":"Shaded","section":"Shading Mode"},"sceneLighting":false,"audioPlay":false,"sceneViewState":{"showFog":true,"showMaterialUpdate":false,"showSkybox":false,"showFlares":true,"showImageEffects":true,"showParticleSystems":true},"in2DMode":false,"pivot":{"x":0.009999990463256836,"y":0.7200000286102295,"z":-0.5199999809265137},"rotation":{"x":-0.1760476529598236,"y":-0.01952439732849598,"z":0.003468233859166503,"w":-0.984214186668396},"size":0.8660253882408142,"orthographic":false}